sentence1,label
"@user When I first moved and was allowed to vote here for the first time I researched it , as I had never come cross bar codes like that beforehand . It actually seemed weird to me , as its supposed to be a private vote , yet it can be traced via the code . Interesting research though .",Neutral
Things are taking off in @user 2017 Mega # Giveaway ! I entered to # win an Air Hogs DR1 FPV Race Drone . Have you ? @user # gadgets # drones # toys # giftideas http,Neutral
OMG ! You have to see this . # BIGOLIVE . http http,Joy
@user Im definitely ready . Its gonna be our year ! I need to do something with my life .,Joy
"Underboob tattoos are hot as hell . I might have to add that to the list man , better start thinking of ideas",Love
"RT HealingMB : Make someone smile whenever you can , you never know how much a difference you could be making in their life at that moment . via HealingMB",Joy
"@user same for me , cant wait for 2018 to finally come",Joy
Perfect brew for doing some random stuff around the house - Drinking a KanÅ« by @user - http # photo,Joy
@user LEAVE MY HOUSE & BARF UP THE DINNER I JUST MADE YOU THEN HOE,Anger
End of Year Countdown Sale ! Relative Theories by @user Theres love amongst the comic books and drama in the house ! # nerd # romance # family # drama # newadult US : http UK : http http,Neutral
3 - 3 . Rob Cross missed a match dart at the bull . # LoveTheDarts # WHDarts,Love
Heres everything you can get for free while stuck at the airport http http,Neutral
"@user You are , as seems to be a trend , missing the point of his reply . You are seeming more and more like a waste of time @user ",Anger
"@user No truth in the news , no news in the truth . Remember when lawyers , politicians , and used car salesmen where the icons of dishonesty ? Todays journalist make them look saintly .",Sadness
@user Brexit is the will of the majority of the people . Whether democracy is a con job is moot,Anger
WATCH # video : RTajitjohnson _ n This guy brings ordinary objects to life and I can â€™t get enough of it ðŸ˜‚ ðŸ™Œ http # food # art,Joy
Are You Looking for Presentation Folder Designer Any Related Business ? Welcome to unique _ design _ 1 Profile . Professional Graphic Designer in Fiverr . Experience in Presentation Folder Design . I can Provide Double Side Vista - print Presentation Folder . Contact me : http http,Neutral
In the comment section . whoever get the most likes win,Neutral
@user i cant bear to use it actually but i need new things on new year hhh,Fear
"@user Itâ€™s not that simple . Not all DOS emails are necessarily classified . If there was a case there it would have been pursued . Anyhow , not HRC .",Neutral
Say it louder for the people in the back ðŸ—£ http,Neutral
@user i really hate it,Anger
"@user I usually listen to Nine Inch Nails to sleep . One Direction is too lively , they keep me awake . But I think NIN counts as goth rather than heavy . # VideoMTV2017 Louis Tomlinson",Neutral
"@user The DDJ - XP1 would allow full control of more cue points , samples , drops / liners , better use of FX in live situations and spark live creativity . It would help for production recordings by having dedicated pads to remix tracks and enable you to become a better DJ / Producer .",Neutral
I just might make it home in time ðŸ˜Œ ðŸ¤ž ðŸ½ http,Joy
"@user Nothing wrong with nuclear except cost and politics . . Thats why I asked about 100 % RE studies . Presumably you are not making such claims , And yet you state that nuclear is having cost issues . Apparently much smaller ones than costs of 100 % RE system though .",Anger
"This fun , determined crew was searching for Emerson in Pharaohs Revenge ! Thanks for picking Clue Quest ! # mystery # cluequestok # escaperoom # edmond ðŸ”Ž ðŸ— ï¸ http",Joy
"SpriteLayer Radio Entire Playlist is playing Bill Elm , Woody Jackson - ( Theme From ) Red Dead Redemption - [Song Rating : 0 / 5] - http",Neutral
"Hi @user If a star fell for every time I thought of you , the sky Would be empty . Please Follow me sunshine ? I Love you . â˜†â˜†â˜† # FollowMeCarter x7",Love
@user there is no ownership n moreover no work permit system . . Had it been industrial complex we could timebound quality restoration .,Sadness
@user Spell my name right next time mate # Brodie,Anger
Ive just watched episode S01E11 of Because This Is . . . ! # becausethisismyfirstlife # tvtime http http,Neutral
"3 / 6 Basically replicating my branding so people believe its me . However its you , my amazing customers and friends who have supported me and kept me going . I have read every message of support and grateful for the chats . It means the world to me and has given me the motivation . .",Joy
@user Done,Neutral
I liked a @user video http The Way You Look Tonight - Frank Sinatra Cover By Brooklyn - Rose,Neutral
i really get so irritated when i end up just sitting at home all day doing nothing,Sadness
# 12 Oklahoma comes away with a 90 - 89 win against # 10 TCU behind Trae Youngâ€™s 39 points and 14 assists . Trae Young is the first player over the last 20 seasons to record consecutive games with 30 points and 10 assists . ( via @user http,Neutral
"Police are working to figure out why a former Bemers Plus employee opened fire at the auto shop Friday , killing two , then turned the gun on himself . I spoke to one of the victims family members . Ill have a live report at 6 and 10 . http",Neutral
"Court rules Bookkeeper of Auschwitz , 96 , must go to jail http via @user ",Neutral
@user Well they may well be happy but it certainly is an unhealthy one . This encourages more commercial surrogacy and perpetuation of unnatural acts .,Fear
"@user But indeed the later budgets were fiscally neutral : it was a redistribution of income from lower to high . Labour would plausibly do something similar regarding cuts . Most probably it wouldnt be as brutal . And we will never know , so we stick to known quantities .",Neutral
For 2018 I am gonna buy myself a present every time I can go a whole week without crying . Gotta get that motivation from somewhere amirite,Sadness
Thatâ€™s a rather unfortunate situation . What really kills you is the toxins released from its glands . http,Sadness
"terrible ! If youâ€™re not happy , communicate w your partner . If that doesnâ€™t help - leave ! ! ! Also , I believe if a woman cheats - she has an emotional connection to the person she cheats with . Whereas men might just hit and run - no feelings attached . . ( this does not make it ok tho ) http",Sadness
@user I love that this pic was ready at the bottom of my camera roll ready to go # DontAskMeWhy http,Joy
"@user It really doesnâ€™t matter if your not friends the people around , you if they are not your friend that fine but just so you know that they are important to other people , and the people around might be your friend if you becomes friends .",Love
Russian court upholds ban on Navalny running against Putin in 2018 http http,Neutral
i have trouble sleeping again and thatâ€™s because i am so hot at night ( my rooms at 16degrees celsius ? ) but i cant sleep without my blanket which is basically just an empty sheet,Sadness
Toxic relations everywhere ðŸŒš,Sadness
@user Sounds like Brightpaw was indeed an apt name then ! : ),Joy
@user I did as well : ) I hope 2018 is even better for the both of us,Joy
"@user Biggest ever ever ? ! ? ! Ooohhhhh , Iâ€™m so impressed .",Joy
"@user stay in that boat . bc im in the same boat . . but riding the wave bc i truly know that things are always changing and i have no idea what next week look like , next month and especially not six months from now . change happens so quickly",Neutral
"@user Ball out next year , time go by quick !",Joy
"No winners yet . Guess the word . Its a 4 - letter Adv . Hint : t â— â— â— Related words are : always , when , meanwhile , hourly , thereupon , once .",Neutral
@user Stasi agents are foreign terrorist fighters by order thence and activity now .,Fear
"there isnt a day where im not deeply upset about this . even if its just for short while . theres a tiny part of me that feels stupid for letting myself get attached to a singer id never meet as a person . but still , i believe its only right that were in so much pain , as his fans .",Sadness
@user Congratulations on your upgrade . You are so talented and very much appreciated . I shall look forward to a further upgrade .,Love
"@user [what he must do is get in range of that eye . urges Epona into a gallop towards Ganon and rises with his boots in the saddle , keeping balance , and leaps into the air to ride the wind currents up . his bow rises and fires at the eye with a 15]",Neutral
"is there a name for when someone writes a plodding turtle of a review , and we allow the expectation that any comment thereupon must be a full turtle as well ? It seems a weird trap that only benefits the reviewer since writing as such is their job .",Anger
"We must , rather , abandon this apposition of Being and beings : renounce the fruitful maxim whereby Being is relation , to consider that Relation alone is relation .",Neutral
@user They do however create something of value unlike civil servants,Joy
2017 - Thank God for what He has done ( Psa . 103 : 1 - 5 ) 2018 - Explore the untrodden path with God where the good way is . . . and find rest for your soul ( Jer . 6 : 16 ) ðŸ™ ðŸ’› ðŸ’™ ðŸ’š ðŸ’‹ ðŸ™‹ ðŸ» ðŸ€ @user ðŸ’› @user ðŸ’™ # ALDUBSeeingYouSoon # ALDUBNewYearsEve http,Joy
"@user Plaster an ad across my entire phone screen ; I ignore it , close the tab , donâ€™t read your content , and remember the shitty experience next time I see a link to your site . ðŸ‘ ðŸ» ðŸ‘ ðŸ» ðŸ‘ ðŸ»",Anger
Avocados are a quick super-healthy snack to either have with a pinch of salt or drop into a smoothie . # delicious . . . http,Joy
"whenever i try to draw myself i get so like disgusted ? like , why do i look like that even in drawn form",Sadness
Everything come back solid when you ask about me,Joy
( We shouldnt be determining if we hit or miss on draft picks less than 40 games into their potentially 15 - 20 season careers . Give it a season or two at the least . ) http,Anger
@user Screenshot anything to do with your daughter . These people are sick in the head . I would get your lawyers involved if it continues . # TrumpsAmeriKKKa,Anger
So now if @user tweet any photo of a man then people go tell am the status of that man . Berla your matter come ampa # berla,Sadness
@user We are aware of this incident which took place in Cosmo City Mall whereafter centre security apprehended a woman in Usave .,Neutral
"Over on Reddit : We did Kara + 20 today . Needless to say , we didnt have a good time . via / r / wow http",Joy
Give this a listen . Rough around the edges . Strictly hip hop . http http,Neutral
"@user Donald , your in laws are part of Chain Migration and you have NO clue how the Lottery System of Immigration works , do you ? No , you dont .",Anger
"@user Four times over the Xmas period your couriers failed to deliver my parcel , not even an attempt made , no card left , I was home all day on each occasion . I never got my parcel . Today you failed to deliver another parcel , same MO . You are without doubt the worst service .",Anger
@user But Davido songs are still being released under Sony and wizkid songs under RCA why ?,Neutral
like this & rt if you want ! ! â¤ï¸ â¤ï¸ â¤ï¸,Joy
Sometimes the sweetest sound is the sound of your kid happily playing by himself,Love
"@user Maybe you could ask the various bits of the NHS where they think those in Cambridge with minor injuries should get help , and if the city is missing what a walk - in service offers elsewhere ? http",Neutral
"S01 E13 Goodbye 9 , you will never ever be forgotten . ðŸ’œ ( also kiss skabsksk ) AND HELLO 10 ðŸ‘ http",Love
"Iran protests : How Trump can strike a fatal blow against a dangerous , tyrannical regime http",Neutral
i hate when girls be getting braids and they be using that stiff braiding hair,Anger
"2017â€”what a year ! You have worked so hard , and we must say , you have totally ROCKED parenthood . Raising a child . . . http",Joy
I swear to god if I do not hear @user annouce # hokutoGaGotoku to be released in the states sometime next year . . . . . . . . . . I need to import and stream this . I want this badly in my life . http,Fear
I want to see Bill bopping to sign of the times during carpool karaoke with James Corden,Joy
Dmme something youâ€™ve always wanted to tell me beforehand the year ends ðŸ“,Joy
when she in the room babygirl yeah she perform,Joy
how you pose to trust someone when they steady do little dumb shit .,Anger
@user Happy New Year to you and yours Leigh xx,Joy
"yeah , it was namjoon and I thanked him for creating amazing music http",Love
"@user Example 2015AD : security clearance database stored by the U . S . government that contained , among other details , the fingerprints and detailed personal history ( including friends names and addresses ) of every person that submitted an application for a security clearance STOLEN !",Anger
@user Its ours ðŸ˜ ðŸ’• ðŸ‘¸ ðŸ½ ðŸ‘¸ ðŸ½,Love
Florida scored nine points through the first nine minutes . Florida scored 31 points over the next eleven minutes .,Neutral
"@user See , thats one of those subtle and intelligent ones that would make a normal best - of . That whole albumâ€”along with Vee Veeâ€”defines a very particular and beloved strain of mid - 90s indie rock for me .",Joy
"@user The only people referring to the media as fake news are you and your rapidly dwindling cult members who cant face the truth . It is nice of you however , to make it easy for the majority of Americans to be able to save your lies for when you deny ever saying something .",Anger
My biggest accomplishment this year was finishing my second book : The Beautiful . You can read the first 4 chapters at http,Joy
"â€œEverything you read on the internet is personalized news . . . and people are oblivious to the fact theyâ€™re reading whatever is being fed to them . â€ # MakingBank with Joe Polish , Founder of the Genius Network - more on the blog : http http",Neutral
"@user Iâ€™m not part of any â€œconservative thinkâ€ tank and her sentiments on the horrors of communism echo mine , also being a daughter of a refugee . Go to Eastern Europe and speak to the people yourself , broken as my parents generation is . Speak to the ones here . Itâ€™s the same story .",Sadness
"@user Yeah but every club will be throwing Â£50 million at a player soon , canâ€™t really moan about that to be fair the",Anger
"@user I think itâ€™s a powerful game for HARDCORE gamers . . . it is heavy , heavy , heavy and even when you think you know it , you can still make mistakes ( hence I do feel some of the rules / complexity complaints are compounded ) but itâ€™s more rewarding when you get it , I think .",Sadness
@user Isnt this the guy who wears t - shirts with pink unicorns on ? Maturity is an interesting concept . . We need more memes . . more art . . Noone mention # eth without # lambos in the same tweet again . . http,Anger
Minnesota is so beautiful . . . no earthquakes or hurricanes . . just lakes & alcohol oh & negative degree weather but thatâ€™s beside the point,Joy
Reading â€œThe Future of Work Predictions for 2018â€ published at Marginalia by @user - appreciate seeing @user featured among thinkers bringing a variety of perspectives http,Neutral
All good things come from Allah . Always ask Allah SWT for the blessing of having a successful marriage In this world and the hereafter !,Joy
Elephant smartly seeks help from doctors after being shot in the head http via @user ,Neutral
"@user Anyway , something must kill a man .",Sadness
@user & i didnâ€™t cry once iâ€™m such a stone cold bitch what is WRONG WITH ME,Fear
Now playing on OSN Radio ( @user Feel It ( Full On Mix ) by Hi - Lux # OSN # NowPlaying ( http,Neutral
"@user Good question . The M . S . 406 was outperformed by the Messerschmitt Bf 109E during the Battle of France . 400 were lost to all causes . Out of those 150 were lost to enemy fighters and ground fire , while another 100 aircraft were destroyed on the ground during enemy air raids .",Neutral
Sitting here watching BBC One and the â€œNFL Showâ€ comes on ? What the fuck ? ? When has this become a thing ðŸ˜¡,Anger
"@user If you KNEW what participation rate means and how its gauged you might stop using it as a benchmark for a presidency , which is beyond stupid .",Anger
He capitalized the first letters in â€˜fake news mediaâ€™ likes heâ€™s created a new proper noun I canâ€™t take anymore http,Anger
Night in a Car homeless simulation seeks participants http,Neutral
"@user Its just restlessness , night sets in too quick and I dont like it , winters usually leave me feeling off and sad . The winter blues as they call it , is what Im feeling .",Sadness
When I first saw Michael B . Jordan in The Assistants I thought he was cute . Then he went through a meh and ugly phase for some years and now hes a daddy .,Love
Only took a year and 10 months but i finally got them digits ðŸ˜¼ http,Joy
http eric holder the disgraced former AG from obama years . . . now wants to preach to the choir ? HA http,Joy
@user Every one is free to wear whatever they one ! ! ! Last time I check @user is spending his cheddar not your body,Love
@user Oh really ? Any more fan fiction you would like to share or do you care to do some real journalism and back up what you say ?,Anger
shes not even like THE BEST JEDI EVER lol like kylo was already tuckered out from fighting finn when rey beat him in her first lightsaber duel . meanwhile luke hops in an x - wing for the first time and with two minutes of the most basic force training he pulls off the trench run,Sadness
@user Agreed . Very few people actually care .,Sadness
"RT biblewords3 : amber7sheppard What kind of issues are you having with the iPhone , other than it being slow ? Wed love to help out .",Neutral
@user Only $ 349 . 99 . . chillin ! You got it like that @user # ballout ! ! http,Joy
"@user Four all big ten players , future nba player in Coffey and potential POY in Murph , Iâ€™d say thatâ€™s pretty good amongst starting fives idk man",Joy
"@user Ive never heard of you until last night . I saw a video online about how your manager says no more face tats . . . Anyhow , you inspired me , and Im already a successful girl in the industry . Keep it up ! ðŸ–¤ ðŸŽ§",Love
"The Edward River is less crowded and safer than other rivers . Come on , youll love it here and theres a pretty . . . http",Joy
@user Aye to you Fred !,Joy
Celebrate together Sibling Chalkboard - birthday invitation - Digital printable - black and white - personal photo - 2 back options http http,Neutral
"@user The only drunk is Dree ! Dree is still & always will be trash ! Always Talking shit an Cant EVER back any of it up ! Noone belives your dumb ass ! Let alone cares about it ! LOL ! Just go tf away ! You were quiet for a bit then you started to flex cause what , China ? Gtfoh ! Hahaha !",Anger
@user Obesity arrived about the same time as American fast foods . The sugary drinks that went along with the food began an addiction . Prior to this fizzy drinks were not consumed as often . Then junk food appeared in Supermarkets along with cheap fizzy drinks . The Rot set in .,Anger
"That second Salah goal reminded me of King Kenny . Arse out , tight turn . Incredible performance yet again . # lfc",Joy
"There will never be an era the size and ambition of Born This Way again and thats the fcking tea for tonight . Every aspect was micromanaged to perfection , from her nails , to a global fragrance launch . Always giving 110 % , even for non televised preformances all over the globe",Joy
Dang flabbit # dnd rust monsters are dreadful that 18dc . . . I never once hit it and after two rolls failed the reflex save . . . . Lost all the gold I saved up and my gear lol the adamantine warforged didnt even get hit lol,Anger
Sagittarius in the fifth house over here ( also my ðŸŒ™ sign ) . I tend to be acquaintances but not close@user any ( one major exception is a friend from hs ) http,Love
@user What the heck Wat m saying y u dragging me . . . N moreover Muslim women not happy with this bill,Anger
@user May i ask if you will follow me back ? ðŸ‘,Joy
Edinburgh take siege mentality to Scotstoun in bid to clinch 1872 Challenge Cup http,Neutral
@user * trying not to cry or show weak seeming emotions *,Sadness
How do you usually express your emotions ? â€” I prefer to express my emotions mostly by talking or it depends on the . . . http,Neutral
@ someuser @user Im more mad this nigga was at work & decided to take time to take these pics for twitter ðŸ˜‚ ðŸ˜‚,Joy
"@user My wifis been out since 8am yesterday , wont be back on till 6 : 30 tonight DX",Neutral
"@user Barbara , Since I am older now , I know not to equate a fantabulous singer with a high IQ .",Neutral
Baked some bread . Made a sandwich . Shot pool in Jackson after failing the bar for the first time . Saw a rather terrifying statue unveiled on a military base in Alabama . http,Neutral
"@user Not to interupt , but I was wondering if these hockey legends ever inquire about how @user is doing or is the hockey world still in mourning over his career path change ?",Neutral
"@user Many reports of peaceful protests by American citizens fed up with regimeâ€™s corruption & its squandering of the nationâ€™s wealth to fund golfing . American govt should respect their peopleâ€™s rights , including right to express themselves . The world is watching ! # TeamAmerica2",Anger
# USPS @user What other forty - nine cent purchase gets us as much ? http,Neutral
My grandma needs to be a professional words with friends player . . . I have not won a single game since i got her an ipad to play it on . . . ðŸ§,Joy
"With your support , weâ€™ve mailed over 100 , 000 petitions to Florida voters . The initiative is VERY close to having enough signatures to put restoring voting rights to 1 . 6 million people on the ballot . Hereâ€™s whatâ€™s needed now : ( 1 / x ) http",Neutral
"@user â™¤Chill fam , I know . Im real sorry if Ive seemed to put you off . I really appreciate you reaching out to me ! I love the dank butler !",Joy
Here we see a former Sheriff inciting violence and engaging in a Conspiracy to Commit Assault . http,Neutral
@user Same . This year I became a fan of @user ,Joy
"@user This feels kind of like the Googlewhack problem , whereby recording one online immediately makes it not a Googlewhack anymore ( Are Googlewhacks even still a thing ? )",Neutral
Iâ€™d take care of you .,Love
"@user Very true , i do believe everyone is different and if itâ€™s meant to be - it will be regardless . ðŸ¤ž ðŸ¾",Joy
@user Did you really have to call me out like that ? http,Sadness
"The water crisis , sexual tyranny and horrible hunger around the world cry out for new ideas & new thinking . Be bold . http",Fear
Man I love Penn State football . Gonna be sad a quarter from now when the season is over . .,Sadness
@user Us bots donâ€™t worry about proper English on Twitter only nit picking libtards like you makes you feel smart ITS TWITTER IDIOT,Anger
"@user And as a whole character , I love the fact that she can kick ass whilst keeping tabs on everyone else in the family , rekindling her youth , saving her marriage , singlehandedly taking down an entire squad of henchmen dudes , the list goes on . She takes no shit . The perfect matriarch .",Joy
@user I think your Twitter is becoming my fav to follow . â¤ï¸ http,Love
@user Don this is very Cool # Wine,Joy
"@user Re - watching Chatterbox on More 4 , and though Ive seen it several times , Im still in fits . I , too , had to be cut out of a dress in John Lewis . At the time I swore it was just a faulty zipper , but I think everybody involved knew better ðŸ˜³ oh the shame",Sadness
"@user You are probably sick of unsolicited advice , but have you kept a log of the days and times this happens ? Can you determine any pattern ?",Love
@user Can We Play Fortnite Sometime Today Or Maybe During Your Stream Tonight If Your Playing Fortnite,Neutral
Now she wanna text me back lol she finally about to be on her way lol,Joy
@user What an interesting perspective .,Neutral
"The not venal societies in their inmost sentiments thus obtain from social better results , including financial . It is logical . This conception does not incite to the soliciting .",Neutral
Kodi Comes Full Circle With Early Release For The Xbox One - Forbes http # technology,Neutral
"@user The relationship with Lowry doesnt seem good , Mulgrew isnt fit , Ribs is Ribs , Mitchell is too defensive , were begging for creativity . Healy needs to calm the fuck down & stop rowing with the good guys . Need a sacrifice one or two to shake things up , start with burns .",Anger
"Who wants to take a fly rod with them everywhere they go ? I know I do . Even if I can slip out to the pond at the @user or @user Our travel combos will fit in any carry on , any backpack , any vehicle . Be significant in 2018 . Tell a good story http http",Joy
"http # CoffeeMug , Reasons To Be A # # Unicorn , Id Rather Be A # # Unicorn , # # Unicorn Art , # # Unicorn Meme , Magical # # Unicorn , Funny , # GiftIdea # GiftIdeas , Large Coffee Cup by GroovyGiftables http # GroovyGiftables # GiftIdea # GiftIdeas http",Neutral
@user I have imdbed and it looks really good but will it make me cry ? I dont know if im ready to cry today lol Btw I really enjoyed Lady Bird ! ! I was pretty upset when she ditched her friend for the cool kids though .,Joy
HAPPY NEW YEAR ! And Now We Welcome The New Year . Full Of Things That Have Never Been . ~ Rainer Maria Rilke ~ NEW Products On The Horizon ! ! ! # nh # barsoapshop # amherstnh # newhampshire # newyear # skincare # bathandbody # handcraftedsoap # beeswaxcandles # lipbalm # seasoak # Natural http,Neutral
@user Theres a difference between puppets who sold their souls to the devil and puppets whose souls were sold to the devil,Neutral
These sales at the mall crazy ðŸ¤©,Joy
@user And probably one of the filets beside it kid likes to eat,Joy
"@user Sorry I missed you the first go around . Ive got you now . Lonestar may take awhile . Shes out of the country , but if youve followed her shell hit you back as soon as she is . Thanks again & # MAGA !",Joy
@user Apparently channel nine has an overwhelming sense of entitlement .,Anger
"@user Hey Taylore if you want an awesome new podcast to check out that has some great laughs and some even better content then you should def check out ours , The Roommates Podcast . : )",Joy
"@user Oh it feels really good , it feels like those delicate fingers of yours rubbing and inserting inside of my womanhood ~",Love
@user My property taxes have increased dramatically . How in the hell does that mean they are taking LESS of my money ? Are you that dumb ? I am not rich .,Anger
@user Agree about next season - noones going to stop us now # drunkonvirgil,Joy
I did get the word . Im letting this Tweet speak for me . http,Neutral
@user Home all alone,Sadness
@user Im sure ya moved into ya house well after airport was there . Its very easy to move if u dont like it . Dont hear people who work nights n sleep during day in flight path complaining,Anger
"Lost here doesnt always mean that one or more elements constructing a happy family has gone from this world . It could also mean that they still exist , but dont give such happy vibes to you . They are standing in front of you , but never beside of you .",Neutral
Got some great finds today ! Video to come sometime early next week . âœŒ ï¸ # thebeatles # ringostarr # vinyl # vinylporn # records # vinylcollection http,Joy
@user I will when I get home . The one from oct is just now completely healed . Lol,Joy
"@user See , thats what I thought because me and my husband only hit that one year . The rest of the time we took the standard . But I thought maybe something had changed on the long form .",Neutral
"take one ( 1 ) day off work since april ( or even february , nobodys really sure ) and good grief everything is going to shit",Anger
@user Hey idiot . Every tweet you make is either a lie or racist or sexist . You embody everything that is wrong . I think the press are being fair . God help you if they do turn on you . Stop lying and manipulating . The Trump name will disappear soon into the history books of despots .,Anger
I CANNOT STAND PEOPLE WHO DONT ANSWER THE PHONE,Anger
Wind Chill Advisory for Fayette & Union Co . from 11pm - 11am Sun . Feels like temps as low as - 10Â° Caution outside to avoid frostbite . Wind chill elsewhere to around - 5Â° @user # Inwx # cincywx http,Neutral
@user Can you tell us smth special about # malec ? Like New Year gift for us ? Pleeeeease â¤ï¸,Joy
"@user Oh I know , i just wanted to put it out there I rather someone else",Neutral
@user With an average of 9 lies a day . . . YOU have them beat !,Anger
@user LMFAOOOOOO . I damn near need a recording now . I feel like Iâ€™m apart of this journey now ðŸ˜‚,Joy
Good thing I make a fine tofu scramble because Iâ€™m choosing to go vegan ! To lessen my . . . http,Joy
Quite clear a few in the crowd cant handle the ale . Put the whistling away dickheads . # WHDarts # LoveTheDarts,Anger
"I retweeted this yesterday because it was funny and Id never seen it before . Last night , I was clearing out my bookshelf and was looking through some of my Artbooks . . . By pure accident , I found out that I actually OWN this same book with that picture . . . Didnt expect that . o _ o http",Neutral
I liked a @user video http How Darth Vader Danced at a Party ( and became a Savage afterwards ) [Canon] - Star,Joy
"@user Indeed . I do hope 2018 is where various people come to their senses , both in stopping # Brexit and making Labour a government in waiting .",Anger
"@user lol watched two episodes . I WISHED I HAD SOMEONE TO WATCH IT WITH THO , IT CAN GET CONFUSING . ðŸ˜‚ ðŸ˜‚ ðŸ˜‚",Joy
"We doing the latter . . At your crib lol . Now , itâ€™s officially a thing . Pull up w / ðŸ¾ ðŸ’¨ ðŸ’ ðŸ½ â€ â™€ ï¸ http",Joy
@user you having server issues also ?,Neutral
i canny sleep at home unless my windows open but i also have to have two duvets and a blanket and three pillows and two sweaters why am i like this,Sadness
@user No Chelsy not even close . . . adulting is when you have to pay bills til kingdom come among other things,Anger
@user Read you like a book - Such a wannabe snob !,Anger
Damn I want all this food rn . I look in looovveee with that taco ðŸ˜‚ ðŸ˜‚ ðŸ˜‚ ðŸ˜‚ http,Joy
@user Would trust either of Foxâ€™s guys first . And even then they all struggle as do stripes on field with consistency . Have seen games where that type of slide / hit led to an ejection . Too often on too many rulings things are inconsistent .,Sadness
"If youre going to get the sides cut , then just go with a short cut . Hes 31 , I believe , so kind of old for this cut . http",Neutral
Confession : I feel bad because I just dont WANT to focus on the good stuff from my life from stupid 2017 . Instead I want to cry about how shitty everything was at the day job all year and how I just want to say to fuck off to another year starting .,Sadness
a . The Color of Fear by Wendy Wanner is in the BookTweeter bookstore . Read the book description at the following . . . http,Neutral
@user ah fek how smh anyways boi take care ðŸ’• Iâ€™m gonna sleep so I can get up and apply to universities across the world and get rejected by them : ) ),Sadness
@user So if a student doesnâ€™t have the support at home they are just out of luck ? That canâ€™t be our mindset . We must do EVERYTHING for our kids . The job of a teacher IS way more than just teaching . Always has been .,Anger
# NowPlaying Zander VT - Dig Your Own Rave,Neutral
if we all live together and any of you Sky stans steal any of my drugs iâ€™m burning the house down,Anger
"@user â€œOh thanks , Iâ€™m glad to know how you view me now . I feel so welcome in this city . â€ He scoffed at you with along with a light grimace in a joking manner before sipping of his beer once again . Your words made him turn towards you with a playful and amused smirk dancing +",Joy
@user Amazing photo ! Was the view even prettier in person ?,Joy
I want to be like you when I grow up ðŸ˜­ http,Love
Do you really think Poker Face is Lady Gagas best song ? Whats your favorite album of hers ? â€” Haha I mean thatâ€™s my favorite but I donâ€™t necessarily think itâ€™s her best . Favorite album is pro . . . http,Joy
"I always find it slightly annoying when you have a character who turns evil and has a completely different personality . Like its one thing if they were playing a part beforehand , but shouldnt they still be the same person if they turned evil of their own free will ?",Anger
"about Liam from Ni - but I also think he knows how to play people . Heâ€™s smart . Extremely well-bred , as youâ€™d say . Just keep that in mind , all right ? â€",Love
If thats ya bitch or you really fuck wit ya side bitch heavy get her hair done at least one time ðŸ˜‚ ðŸ¤· ðŸ¾ â€ â™‚ ï¸,Joy
@user Christmas is never over,Joy
ðŸ˜‚ ðŸ˜¢ I think i just need 6 months w a genuine person whos down for me bruh . Just wanna know how it feels . He can leave thereafter . http,Sadness
RT Food52 Come join us and FarrowandBallUS on a tour of our brand new studio . http # f52partner,Neutral
Due to extreme cold forecasted New Years Day we are cancelling the 9 : 35am New Years Day class . Safety is our utmost concern for everyone . All customers will receive an attendance point towards earning their 2018 Fit Club shirt - Happy New Year ! http,Sadness
@user HAHAH omg Iâ€™ve done so much better ðŸ˜­ thank u tho ðŸ’— ðŸ’— ðŸ˜‹,Love
"If a woman tells you â€œNoâ€ or turns you down and you get mad & try to curse her out or put hands on her , you a whole predator and need to seek mental help .",Anger
"Coming into 2018 like . . . . . ðŸ’ƒ ðŸ» ðŸ’ƒ ðŸ» ðŸ’ƒ ðŸ» Better late than never , but I wrote a quick recap about my . . . http",Joy
@user Yeah thatâ€™s pretty much the best . You have to drive the cart all fifteen feet between holes . And have caddies . Drink cart etc .,Joy
@user Its an amazing song,Joy
@user account is temporarily unavailable because it violates the Twitter Media Policy . Learn more .,Neutral
@user Yes . Own it . Its endearing . Makes you easy to get along with and puts people at ease .,Love
"@user My favourite was always the Richard Pryor one . But I dont get the appeal of Superman , so I am probably liking it for the wrong reasons .",Joy
Citizen participation is a device whereby public officials induce nonpublic individuals to act how the officials desire - Daniel Moynihan,Neutral
Radio Disney gathered young artists from across the country to team up with St . Jude Childrens Research Hospital to bring HOPE with this rendition of Angels Among Us . . . and the result is B-E-A-Utiful ! # StJude # Disney http http,Joy
fam btw who decided that due north was towards the arctic and south toward the antarctic we could be living upside down without realising http,Neutral
"Just published my last @user review for the year , and its another awesome book by @user ! http # Corpies # CBR9 # stickingittocancer # onebookatatime",Joy
"@user Thank you . Even if were not close I feel you all so close . It helps me a lot , not to feel totally alone . Again , thank you for your words .",Joy
@user Just ignore Brian / Euan etc whatever his name is as he takes a wage for being a fud and to be fair he is a total fud . Best to ignore and move on .,Anger
"@user Yowza my friend ! - 30 degrees ? That is cold , I am so sorry you live in the Arctic Tundra ! ! That will freeze a doggyâ€™s * whispers * personal bits ! ! ! ðŸ˜± ðŸ˜± Would you like to come and snuggle with me ? Iâ€™ll share my blankie any time with you my sweet pal ! ðŸ’• http",Love
After further review no catch Patriots ball http,Neutral
"If I could fly , Iâ€™d take you along wherever you want to go , and Iâ€™ll write your name across the sky with the stars among matter of yours already existing there .",Love
The Hyped Cast is about to start ! Weâ€™ll be recapping 2017 in its entirety ! We also have a special surprise at the end of the stream . http,Joy
@user You know Christian ? ! ? ! Small world indeed,Joy
These dudes know whats up http,Joy
@user Please tweet @user and @user as you may have the power to get them to listen and make some necessary change happen,Neutral
"@user Perhaps it was her destiny , but no matter the reason , shes the most knowledgeable , most beautiful meteorologist around and were so happy shes here in NYC ! We love you Amy . . . ðŸ˜ƒ",Love
I just published a compilation of the best UX research conferences for industry professionals this upcoming year . Check it out ! â€œTop UX Research Conferences to Attend in 2018â€ http # UX # uxresearch # medium,Joy
"Heartbreak : I lost my grandma in April of this year and its been hard , I stil miss her everyday . She is my beautiful angel from above now . Grams I love you ðŸ’«",Love
I helped people feel better abut themselves,Love
"ðŸŒŠ M A I N T W E E T ðŸŒŠ Ill give it a try , even if I dont believe it . http",Neutral
"@user Fernando youâ€™re so sweet to come to my defense , but please donâ€™t waste your time : ) Iâ€™m not wasting mine x",Love
Lets just have some fun leaving 2017 how did we meet ? and how long have we known each other ?,Joy
ok but this line is lyrically genius like ? ? ? i appreciate it so much it was so clever and it really fit considering what grantaire had said literally seconds before http,Love
Khaligraph Jones - # ToaTint is being played on @user # QisimahAudioInsights # RealTimeAirPlayNotification 4429,Neutral
"you really canâ€™t flex with canadian money , i mean if you try it just look like you got monopoly money",Joy
Western brains work a great deal but always in the direction of efficiency . In that way the mind puts itself at the service of the result .,Neutral
@user * Dead * Youre going to have twenty additional accounts before the new year .,Sadness
@user Is there a single rape issue they have resolved . Moreover complaining to them does not exclude bringing the issue to the court of public opinion on twitter . This is happening all over the world . Lets not try to intimidate the woman,Anger
Dont EXPECT to move FORWARD if you have NEGATIVE people in your circle that pull you DOWN every chance they . . . http,Sadness
@user Yeah well . There definitely could be other triggers that we arent aware of . So this self diagnostic trend must stop so you can get actual knowledge and we can move forward thereafter with proper treatment .,Neutral
@user Derby dont have 12mill Rowett said himself they will need to get players out to get players in its utter bs,Anger
Whoever made this I love them ðŸ˜‚ ðŸ˜‚ ðŸ˜‚ http,Joy
"UMK3 . It was a revolutionary game . A game that is STILL great today . UMK3 is also the foundation for the current competitive NRS community . Without UMK3 and the efforts to keep the game and community alive , the NRS scene would be MUCH further behind today . http",Love
@user They will drink you under the table . Then you will talk way too much . ðŸ˜‚ ðŸ˜‚ ðŸ˜‚ ðŸ˜‚,Joy
"But youll never be alone Ill be with you from dusk till dawn Baby , Im right here Ill hold you when things go wrong Ill be with you from dusk till dawn Baby , Im right here",Love
"@user This was a much more expansive list than I initially imagined . I have met so many great people on here , and hopefully , some of these people feel the same about me .",Love
"1 . Once the Special Criminal Court in Central Africa becomes operational , it joins a grouping of mechanisms & chambers across Africa created over a period of time ; to dispense justice for international crimes . In the 6 tweets below are links 2 info on the conflict & the Court .",Neutral
"Please dress warm , make sure your car is in good working condition / gassed up and look out for others wellbeing as we head into another spell of frigid wind chills . Remember - # DriveSlowInTheIce & Snow http",Neutral
Sat 16 : 00 : Cloudy . Clearing after midnight . Low minus 3 .,Neutral
@user Dan shut up u goon,Anger
"@user Well while good channels are opinion there are some measures of general quality . Mainly production quality , content produced per day , channel size - views per video and a few other things Ive missed . Its like pc vs console like that . Hope you have a wonderful day @user ",Joy
Chapter Eleven ðŸ˜ @ Wus House Japanese Restaurant http,Joy
Why I am more a patriot thn a nationalist . http,Neutral
Happy birthday to the goat himself @user # StriveForGreatness # king # 33,Joy
"@user He redeemed himself ( somewhat ) by undergoing waterboarding , whereupon he avowed that it was indeed a method of torture . He admitted he was wrong .",Neutral
If noone hits me up in the next hour ima just get drunk at my crib,Neutral
"@user So much better than manhattan , I had almost written off New York completely before this and now Iâ€™m like http",Joy
@user So we thinking get out of alts and pile back into BTC now . Or wait a little longer as alts are getting stronger .,Neutral
Top story via Kleinspiration A Principals Principles : My # OneWord2018 - # Faith http see more http,Joy
I hate people who flex mostly because that isnt me . Everything I got is from heaven above . None of it is just me,Anger
@user Brees and Wilson . . . If he turned out to be either one whoever drafts him will be very happy,Joy
"All Iâ€™ve done today is watch The Office and honestly , thatâ€™s not too bad of a day .",Joy
"Donâ€™t save her , she donâ€™t wanna be saved ðŸ—£",Anger
This really is insane ! # WHDarts # LoveTheDarts,Joy
@user True . . we must look after the wildlife whenever possible !,Joy
We gonna need like five more upgrades and a reveal to fix this ish # miraculousladybugseason2 . . . http,Neutral
@user But itâ€™s another fish eueblense u member u left one at my crib nigga a minute ago lmao I got a new one ðŸ¥‡ ðŸ’¯,Joy
@user ( to the man ) 1 . have you seen his muscles thankyou very much 2 . your profile picture just tells me all sorts on how your going to be a dream come true yum 2 . bitch how is he ugly i mean . . . look at him and thats not why we like him lmfao 3 . lying c * nt ? wtf 4 . he has a whole fandom who,Anger
@user Hes clearly looking over at the Wolves fans and Jeff Shi below . I thought it was sour grapes from the old boy but give them their dues they were both passionate towards their team ðŸ‘ ðŸ½ good luck for the rest of the season,Joy
"2018 Iâ€™m just gonna fall back from ALOT of shit . Iâ€™m no longer giving all of me , and being available to anyone who canâ€™t appreciate , care , or even show respect for me as a person . My downfall was always trying to be the nice guy , and trying to see the best in shitty people .",Sadness
Did this broad just scrub herself with noodles . . . leave the noodles in her BATH WATER . . . then eat it . . . . ? ðŸ˜­ ðŸ˜­ ðŸ˜­ ðŸ˜­ ðŸ˜­ ðŸ˜­ ðŸ˜‚ ðŸ˜‚ ðŸ˜‚ ðŸ˜‚ ðŸ˜‚ yoooooo http,Joy
"My mans in the vest almost slid in there as soon as shawty dropped lmfao , watched buddy restrain himself ðŸ˜­ ðŸ’€ http",Joy
# NP Various Artists - Slaughterhouse - House Gang Listen Live ! App - http TuneIn - http http,Neutral
@user is a both sides hack . Its well - known .,Neutral
@user Dang I just drove thru rr . Back in Dallas,Sadness
It does make me feel better to see everyone so happy though . Mexico has always been my fav place Ever .,Love
We added a new blog post ! Check it out - > Mexico Five Week Itinerary : Mexico City to Chetumal - . . . http,Neutral
Honestly fuck what anyone has to say about you . Express yourself . Love yourself . Donâ€™t let peopleâ€™s opinions hold you back .,Anger
This is commonly known as the Idiots Defense whereby an idiot claims to have not broken the law when in fact they have like a fucking idiot . http,Anger
"Fittingly , there will be a # supermoon to commemorate the occasion . The numbers 1 / 1 / 18 , 1118 are also symbolic of rebirth and new beginnings . # PokemonUltraSunMoon # Kirby http",Joy
not good at giving ppl more chances .,Sadness
You canâ€™t chose between the 2 . They both was amazingly talented and change the music industry in different forms . But Ima say Michael dang . http,Joy
ðŸ“· slipintosomethingdarker : Anastasia Steele and Christian Grey in the Fifty Shades Darker Trailer http,Neutral
"Wife got me AirPods for xmas . They are pretty awesome . The pairing experience is second to none . Open the case next to your phone , press connect and boom , iPhone , iPads , Apple TV and Mac all are set up to use them . No tinkering necessary .",Joy
23 ) I rather being insulted before my friends .,Sadness
Are my eyes messing with me ? Is that bath water green ? http,Neutral
@user And notice how manipulative the writing is when Aaron rightfully apologises to Robert for outing him . He just revealed to him that he had been sexually abused by his Dad since he was 8 years old . So a genuine conversation couldnt take place about it and reveal how wrong it was .,Anger
"@user Then WHY does everyone ask for our money ? ? ? Why dont the EU nations provide money ? ? ? Our military does all the work . No US , the world will collapse . Its that simple . We run the world . # MAGA",Anger
"They have TimothÃ©e Chalamet at 6 / 1 ( same odds as Daniel Day - Lewis ? ! ) , so I think Iâ€™ll take a punt on him too .",Neutral
Itâ€™s days like these where I wish I had more friends in KC ðŸ™ƒ,Sadness
@user How did this person become sheriff of Mayberry / he has been exposed by Rolan M . and several others . Whatever town your in please stay there http,Sadness
Am so exhausted ðŸ˜­ my body is way yoo heavy . . . .,Sadness
My favorite Madonna song ? Its probably a tossup between Lucky Star and K - ON !,Joy
"Meanwhile your all just falling down the rabbit hole ðŸ° nothing is as it seems , nothing in life is simple even if it looks as if it is . . .",Sadness
Team members on standby for all of the # newyearseve # events . We start across the city at 9 and . . . http,Neutral
"Umar if you EVER step to me nigga Ill tie yo muthafuckin beard into Bantu knots and make you MY BITCH , nigga ! ! â€œ http",Anger
"The Tory @user has 70 , 5000 followers and his Twitter poll about whether the British public wants a second referendum on Brexit had 180 , 480 votes . 67 % said yes to a re - play of the referendum . Bring . It . ON . http",Neutral
Blue Sadie Premium Headphones with Built - in Amp ( formerly called Mo - Fi ) http,Neutral
"Beside sa Family and my closest friend this year . I am very thankful for my Job and most specially to @user You two does makes me happy a kind of Happiness that even if im alone im so contented makes smile , and told myself Life is so Beautiful ðŸ˜Š ðŸ˜˜",Joy
is anyone going to be doing a good NYE stream as my missus is working im gonna be bored as fuck,Anger
"[WP] A plague is rapidly spreading across the globe , its only symptom . . . Total Amnesia . http",Anger
"I managed to get all of the New Years items in # AnimalCrossingPocketCamp in the span of four days without spending any money , which just goes to show what I do with my life when I am given time off work . http",Joy
"Need I really remind you after all this time soldier , you cant take command . Command takes you",Anger
@user Do players watch the show though to see what former greats are telling you are doing wrong and how to improve yourself ?,Neutral
Setting up my BuJo for 2018 and will read a book thereafter . ðŸ’•,Joy
part two of being in the presence of my moms doctor ex boyfriend WHY DOES THIS KEEP HAPPENING SJDJSJDJ,Sadness
Very pretty feet tho I like it no matter what . Much love and respect http,Love
@user Is that him ? ðŸ¤” ðŸ˜‚,Joy
"@user Ive watched the game . They run the offense as if they still have a QB whos mobile / shifty in the pocket , but Foles hasnt been performing poorly . If anything , they seem to lack leadership / motivation . Theyre demoralized .",Neutral
Cuddles would be nice Iâ€™m feeling v soft ðŸ’–,Love
"the aphobe blocklist persons faq being like â€œi have sex because i hate myselfâ€ is somehow a mood ,",Sadness
@user I am scheduled to have surgery next Friday for medical reasons and I would love your pizza to relax beforehand and treat my family as they love your pizza . # PassThePizza,Love
"They fell in love in high school . Now , hes gone on with his life ; shes gone on with hers . . . REUNION http # amreading",Neutral
saw Wonder yesterday and literally cried throughout the whole movie . definitely one of the best movies ive ever seen,Joy
Alpina you have outdone yourselves once again ! My B4S AWD did 0 to 100 km / h in just 3 . 75 seconds ! What a beast ! @user # Alpina # B4S # BMW # Biturbo # AlpinaAutomobiles http,Joy
@user Well at least we can agree on NFL teams . Go Dirty Birds !,Joy
"@user I am going to walk every day , spend an hour learning languages and an hour drawing every day . So hopefully they will become habits , rather than seeming chores .",Joy
"@user youre another dumbass ! The answer is NO . The natural warming and cooling cycles take CENTURIES , NOT decades ! ! ! Read a book sometimes . . .",Anger
@user I cant make the WB again this year but my good friend @user will be there . Its his first big BB tournament so make sure he gets too drunk to get home then look after him .,Joy
A man is already halfway in love with any woman who listens to him,Neutral
"@user So thatâ€™s a no for your member card ? Friends , family , other Bulldogs supporters . The point is to get it out there your a member & # proudtobeabulldog If you and some other sooky â€œfansâ€ arenâ€™t because of what wasnâ€™t in a member pack well thatâ€™s sad . . . . . .",Sadness
# antanddec So your wife is happier not being with Ant but she loves his money and the beautiful houses she has lived in . Grow up lady you have to grow up Ant is better off without you he will find love and kindness elsewhere,Anger
even his mama . . is hiddin . . lol,Joy
There are MANY of us Praying daily for Gods Light to shine Truth into the darkest corners & clear the evil that resides therein . http,Neutral
Now playing Solitaire ( A True Story ) by Master Of Rap T - N - T !,Neutral
"mcgidotorg : Psalms 69 : 34 Let the heaven and earth praise him , the seas , and every thing that moveth therein . # MCGIWeeklyThanksgiving",Neutral
Whither the general medic ? http,Neutral
"When everything is said and done , # Coco is actually a fairly typical affair for # Pixar : a wholesome , emotionally fulfilling , visually rich adventure that heavily deals with the themes of Death and Family . . . You know , just like every other good film they make !",Joy
"Read This : In a Rough First Year as First Daughter , Nevertheless , Ivanka Trumpâ€™s Brand Persisted http",Neutral
Check out SUPA MAN & D - LYN SFR SHOW DROPMIXED & REMIXED BY : LYN FOR LYNDRUM ENT . . . WORD IS MY WORTH ! . . . WE GOT THIS STUCK ! . . . JS by LYNDRUM ENTERTAINMENT - http,Neutral
"Can the Internet Society Now Become # Global , # Independent , # Democratic & # Transparent ? Dont hold your breath , people . Neither # ICANN nor # ISOC has shown any inclination to be truly # multistakeholder : theyre too tied to US $ and USgovt interests . http",Anger
@user Performance Standards are Set quite High . . . . these were near to impossible in the era of Zardari,Anger
"Fernando Gonzalez , the formerly jailed insider , is returning to Twitter on his alt account to organize the critical issue of creating a GOFUNDME to help pay off Kakus agent . . .",Neutral
ur all welcome for this http,Love
Finna get on this duty might not get off for the rest of the night,Sadness
@user We saved ours from the winter like four or five years ago and made her healthy and stuff again . Poured so much love into her and this is what we get in return because sheâ€™s an outside cat who roams freely without a collar,Love
We are all different colored threads weaving in and out of each others lives to create a tapestry worthy to be called democracy .,Love
Canâ€™t let the fame get to yo head,Fear
"@user I think you may be right , but that doesnt excuse how dumb that is as a graphic",Anger
"Home automation has long been considered the exclusive domain of the unimaginably rich . Urban myths about Bill Gates automated mansion were circulated less than a decade back . But , now , technology has developed so much so that anyone can afford to autom . . . http",Neutral
Ring in the new year with your little ones ! Bring the whole family to the @user Family Zone & enjoy a colourful family fun party hosted by Rockin Robin of the @user ! There something for the whole family ! Get your tickets while quantities last ! http http,Neutral
@user These thoughts are called intrusive thoughts . I have this problem when someone gets too close to my face my brain wants me to kiss them to the point I even fantasize about it . It could be anyone . Someone I literally hate even and then I feel disgusted afterwards .,Neutral
"twitter may seem like a dreadful hellscape sometimes , but it has its bright spots and the friendships ive forged here is a big one . so thank you . youre all great",Love
My legs are achy and this baby hurts me when he moves,Anger
"35 years ago at this hour , my wife and I were finishing up our wedding ceremony and she was at the altar seriously wondering wtf she had just done . Im not making that up . But it worked out in the end !",Joy
@user Latterly me and you both,Joy
"@user Kevin , hes as thick as sh * te . . . You work with him on TV , you should know that . . . He has to be thick otherwise Dacre wouldnt employ him . . .",Anger
"At GameStop today pick a Marvel Legends action figure off the shelf and went to pay for it , only to be told We cant sell you that until Monday your business model is a little off GameStop .",Anger
@user Only thing I would be concerned about is the gpu but besides that everything should be able to run a good stream,Neutral
"It is over ! This @user team cannot win # EPL this season . You may say it is too early , nevertheless , I will say Congratulations ! ! ! @user ",Joy
"Ahh yes itâ€™s winter time , whereupon I wake up during the hour of the wolf and lie in bed on Le Twitre",Joy
@user What an adorable picture of the girl with crown and saying you have for your avatar . Wherever did you get it ? I can just imagine the girl saying it and then straightening the crown . Its adorable ! ðŸ™ ðŸ™ ðŸ™ ðŸ˜‚ ðŸ˜‚ ðŸ˜‚,Joy
"@user Zoha , do you know what it means to run a neck ? Zoha : umm . . . to kill someone ? Smh the youth these days . .",Sadness
"@user Many reports of peaceful protests by AMERICAN citizens fed up with TRUMPâ€™s corruption & its squandering of the nationâ€™s wealth to fund WARS abroad . AMERICAN govt should respect their peopleâ€™s rights , including right to express themselves . The world is watching ! # AllLivesMatter",Anger
"@user I donâ€™t worship any one , but my God . People can say whatever they want , but if it were True how can anyone argue against it ?",Neutral
@user To Kentuckys ( as well as the rest of the U . S . ) best Senator / poodle hybrid : May you and your have a Happy ( and productive ) New Year ! ðŸ’–,Love
Guess Ill just stumble on home to my cats . . alone . . unless you wanna come along ðŸ˜½,Sadness
"You canâ€™t take your eyes off @user v @user for a second , what an incredible semi final full of high quality tungsten ! Theyâ€™ve had quite the battle against each other in 2017 , this tops it ! Who takes the deciding set ? Good luck guys",Joy
"Im stoned in the fireplace - warmed living room of my childhood home , alone ( a huge breather from family time ) , singing Interlude ( Thats Love ) by @user to Cheerio . Sending out the warmth and love and vibes Im feeling rn . Who else tryna to end this shit year strong ? http",Joy
Im just worried about my mama worrying less AG,Fear
@user You may not even have to go to a different city depending on the internship .,Neutral
The Kit Curran Radio Show http,Neutral
"You cant chase love , and your dreams at the same time , eventually the two will conflict , and thats a fact ! # love # money # dreams # music #",Love
"If anyone is interested in enjoying some adult beverages and sparkling conversation with the birthday boy , Joshua Grant Kraft , weâ€™ll be going to the West End in Downtown Sanford around 9 tonight",Joy
"Im not sure how this devolved into a comparison of the two sites when its meant to be a reflection . Either way , its a biased image because I only started with Instagram in the latter half of the year . Lets all work harder than ever before . But start now , not Jan 1 .",Anger
I just earned the Hopped Up ( Level 20 ) badge on @user http,Neutral
"The real breakthrough was the 2003 @user waiver , not the 2005 amendment , nor its ratification 12 years later . And the amendment only applies ( as an amendment ) in the ratifying countries . 43 out of 164 have not ratified . http",Neutral
Rashford 15 / 16 must awaken otherwise we are pissed http,Anger
I get too far ahead of myself . . . But the brakes go on & I get centered . Thanx http,Love
